name_in_ds2_full	TID	name	official name	superkingdom	phylum	class	order	family	genus	species	subspecies
Escherichia_coli_O157_H7_EC4115	155864	Escherichia coli O157H7	Escherichia coli O157:H7 str. EDL933	Bacteria	Proteobacteria	Gammaproteobacteria	Enterobacteriales	Enterobacteriaceae	Escherichia	Escherichia coli	1
Leuconostoc_mesenteroides_mesenteroides_ATCC_8293	203120	Leuconostoc mesenteroides	Leuconostoc mesenteroides subsp. mesenteroides ATCC 8293	Bacteria	Firmicutes	Bacilli	Lactobacillales	Leuconostocaceae	Leuconostoc	Leuconostoc mesenteroides	Leuconostoc mesenteroides subsp. mesenteroides
Coprococcus_comes_ATCC_27758	470146	Coprococcus comes	Coprococcus comes ATCC 27758	Bacteria	Firmicutes	Clostridia	Clostridiales	Lachnospiraceae	Coprococcus	Coprococcus comes	1
Akkermansia_muciniphila_ATCC_BAA_835	349741	Akkermansia muciniphila	Akkermansia muciniphila ATCC BAA-835	Bacteria	Verrucomicrobia	Verrucomicrobiae	Verrucomicrobiales	Akkermansiaceae	Akkermansia	Akkermansia muciniphila	1
Alistipes_putredinis_DSM_17216	445970	Alistipes putredinis	Alistipes putredinis DSM 17216	Bacteria	Bacteroidetes	Bacteroidia	Bacteroidales	Rikenellaceae	Alistipes	Alistipes putredinis	1
Anaerotruncus_colihominis_DSM_17241	445972	Anaerotruncus colihominis	Anaerotruncus colihominis DSM 17241	Bacteria	Firmicutes	Clostridia	Clostridiales	Ruminococcaceae	Anaerotruncus	Anaerotruncus colihominis	1
Bacteroides_caccae_ATCC_43185	411901	Bacteroides caccae	Bacteroides caccae ATCC 43185	Bacteria	Bacteroidetes	Bacteroidia	Bacteroidales	Bacteroidaceae	Bacteroides	Bacteroides caccae	1
Bacteroides_cellulosilyticus_DSM_14838	NA	NA	NA	NA	NA	NA	NA	NA	NA	NA	NA
Bacteroides_coprocola_M16_DSM_17136	470145	Bacteroides coprocola	Bacteroides coprocola DSM 17136	Bacteria	Bacteroidetes	Bacteroidia	Bacteroidales	Bacteroidaceae	Bacteroides	Bacteroides coprocola	1
Bacteroides_coprophilus_DSM_18228	547042	Bacteroides coprophilus	Bacteroides coprophilus DSM 18228	Bacteria	Bacteroidetes	Bacteroidia	Bacteroidales	Bacteroidaceae	Bacteroides	Bacteroides coprophilus	1
Bacteroides_dorei_5_1_36_D4	NA	NA	NA	NA	NA	NA	NA	NA	NA	NA	NA
Bacteroides_dorei_DSM_17855	NA	NA	NA	NA	NA	NA	NA	NA	NA	NA	NA
Bacteroides_eggerthii_DSM_20697	483216	Bacteroides eggerthii	Bacteroides eggerthii DSM 20697	Bacteria	Bacteroidetes	Bacteroidia	Bacteroidales	Bacteroidaceae	Bacteroides	Bacteroides eggerthii	1
Bacteroides_finegoldii_DSM_17565	483215	Bacteroides finegoldii	Bacteroides finegoldii DSM 17565	Bacteria	Bacteroidetes	Bacteroidia	Bacteroidales	Bacteroidaceae	Bacteroides	Bacteroides finegoldii	1
Bacteroides_fragilis_3_1_12	457424	Bacteroides fragilis 3112	Bacteroides fragilis 3_1_12	Bacteria	Bacteroidetes	Bacteroidia	Bacteroidales	Bacteroidaceae	Bacteroides	Bacteroides fragilis	1
Bacteroides_intestinalis_341_DSM_17393	471870	Bacteroides intestinalis	Bacteroides intestinalis DSM 17393	Bacteria	Bacteroidetes	Bacteroidia	Bacteroidales	Bacteroidaceae	Bacteroides	Bacteroides intestinalis	1
Bacteroides_ovatus_ATCC_8483	411476	Bacteroides ovatus	Bacteroides ovatus ATCC 8483	Bacteria	Bacteroidetes	Bacteroidia	Bacteroidales	Bacteroidaceae	Bacteroides	Bacteroides ovatus	1
Bacteroides_pectinophilus_ATCC_43243	483218	Bacteroides pectinophilus	Bacteroides pectinophilus ATCC 43243	Bacteria	Firmicutes	Clostridia	Clostridiales	1	1	Bacteroides pectinophilus	1
Bacteroides_plebeius_M12_DSM_17135	484018	Bacteroides plebeius	Bacteroides plebeius DSM 17135	Bacteria	Bacteroidetes	Bacteroidia	Bacteroidales	Bacteroidaceae	Bacteroides	Bacteroides plebeius	1
Bacteroides_sp_2_1_7	NA	NA	NA	NA	NA	NA	NA	NA	NA	NA	NA
Bacteroides_sp_2_2_4	NA	NA	NA	NA	NA	NA	NA	NA	NA	NA	NA
Bacteroides_sp_4_3_47FAA	NA	NA	NA	NA	NA	NA	NA	NA	NA	NA	NA
Bacteroides_sp_9_1_42FAA	NA	NA	NA	NA	NA	NA	NA	NA	NA	NA	NA
Bacteroides_sp_D1	NA	NA	NA	NA	NA	NA	NA	NA	NA	NA	NA
Bacteroides_stercoris_ATCC_43183	449673	Bacteroides stercoris	Bacteroides stercoris ATCC 43183	Bacteria	Bacteroidetes	Bacteroidia	Bacteroidales	Bacteroidaceae	Bacteroides	Bacteroides stercoris	1
Bacteroides_thetaiotaomicron_VPI_5482	226186	Bacteroides thetaiotaomicron	Bacteroides thetaiotaomicron VPI-5482	Bacteria	Bacteroidetes	Bacteroidia	Bacteroidales	Bacteroidaceae	Bacteroides	Bacteroides thetaiotaomicron	1
Bacteroides_uniformis_ATCC_8492	NA	NA	NA	NA	NA	NA	NA	NA	NA	NA	NA
Bacteroides_vulgatus_ATCC_8482	435590	Bacteroides vulgatus	Bacteroides vulgatus ATCC 8482	Bacteria	Bacteroidetes	Bacteroidia	Bacteroidales	Bacteroidaceae	Bacteroides	Bacteroides vulgatus	1
Bacteroides_xylanisolvens_XB1A	657309	Bacteroides xylanisolvens	Bacteroides xylanisolvens XB1A	Bacteria	Bacteroidetes	Bacteroidia	Bacteroidales	Bacteroidaceae	Bacteroides	Bacteroides xylanisolvens	1
Bifidobacterium_adolescentis_L2_32	367928	Bifidobacterium adolescentis	Bifidobacterium adolescentis ATCC 15703	Bacteria	Actinobacteria	Actinobacteria	Bifidobacteriales	Bifidobacteriaceae	Bifidobacterium	Bifidobacterium adolescentis	1
Bifidobacterium_catenulatum_DSM_16992	NA	NA	NA	NA	NA	NA	NA	NA	NA	NA	NA
Bifidobacterium_longum_longum_CCUG_52486	206672	Bifidobacterium longum	Bifidobacterium longum NCC2705	Bacteria	Actinobacteria	Actinobacteria	Bifidobacteriales	Bifidobacteriaceae	Bifidobacterium	Bifidobacterium longum	1
Bifidobacterium_pseudocatenulatum_DSM_20438	547043	Bifidobacterium pseudocatenulatum	Bifidobacterium pseudocatenulatum DSM 20438 = JCM 1200	Bacteria	Actinobacteria	Actinobacteria	Bifidobacteriales	Bifidobacteriaceae	Bifidobacterium	Bifidobacterium pseudocatenulatum	1
Blautia_hansenii_VPI_C7_24_DSM_20583	537007	Blautia hansenii	Blautia hansenii DSM 20583	Bacteria	Firmicutes	Clostridia	Clostridiales	Lachnospiraceae	Blautia	Blautia hansenii	1
Bryantella_formatexigens_I_52_DSM_14469	NA	NA	NA	NA	NA	NA	NA	NA	NA	NA	NA
Butyrivibrio_crossotus_DSM_2876	511680	Butyrivibrio crossotus	Butyrivibrio crossotus DSM 2876	Bacteria	Firmicutes	Clostridia	Clostridiales	Lachnospiraceae	Butyrivibrio	Butyrivibrio crossotus	1
Catenibacterium_mitsuokai_DSM_15897	NA	NA	NA	NA	NA	NA	NA	NA	NA	NA	NA
Clostridiales_sp_SS3_4	NA	NA	NA	NA	NA	NA	NA	NA	NA	NA	NA
Clostridium_asparagiforme_DSM_15981	NA	NA	NA	NA	NA	NA	NA	NA	NA	NA	NA
Clostridium_bartlettii_DSM_16795	445973	Clostridium bartlettii	Clostridium bartlettii DSM 16795	Bacteria	Firmicutes	Clostridia	Clostridiales	Peptostreptococcaceae	Intestinibacter	Intestinibacter bartlettii	1
Clostridium_bolteae_ATCC_BAA_613	411902	Clostridium bolteae	Clostridium bolteae ATCC BAA-613	Bacteria	Firmicutes	Clostridia	Clostridiales	Lachnospiraceae	Lachnoclostridium	Clostridium bolteae	1
Clostridium_leptum_DSM_753	428125	Clostridium leptum	Clostridium leptum DSM 753	Bacteria	Firmicutes	Clostridia	Clostridiales	Ruminococcaceae	Ruminiclostridium	Clostridium leptum	1
Clostridium_methylpentosum_R2_DSM_5476	537013	Clostridium methylpentosum	Clostridium methylpentosum DSM 5476	Bacteria	Firmicutes	Clostridia	Clostridiales	Ruminococcaceae	Ruminiclostridium	Clostridium methylpentosum	1
Clostridium_nexile_DSM_1787	NA	NA	NA	NA	NA	NA	NA	NA	NA	NA	NA
Clostridium_scindens_ATCC_35704	411468	Clostridium scindens	Clostridium scindens ATCC 35704	Bacteria	Firmicutes	Clostridia	Clostridiales	Lachnospiraceae	Lachnoclostridium	Clostridium scindens	1
Clostridium_sp_L2_50	411489	Clostridium sp. L250	Clostridium sp. L2-50	Bacteria	Firmicutes	Clostridia	Clostridiales	Clostridiaceae	Clostridium	1	1
Clostridium_sp_M62_1	NA	NA	NA	NA	NA	NA	NA	NA	NA	NA	NA
Clostridium_sp_SS2_1	NA	NA	NA	NA	NA	NA	NA	NA	NA	NA	NA
Collinsella_aerofaciens_ATCC_25986	411903	Collinsella aerofaciens	Collinsella aerofaciens ATCC 25986	Bacteria	Actinobacteria	Coriobacteriia	Coriobacteriales	Coriobacteriaceae	Collinsella	Collinsella aerofaciens	1
Coprobacillus_sp_D7	NA	NA	NA	NA	NA	NA	NA	NA	NA	NA	NA
Coprococcus_eutactus_ATCC_27759	411474	Coprococcus eutactus	Coprococcus eutactus ATCC 27759	Bacteria	Firmicutes	Clostridia	Clostridiales	Lachnospiraceae	Coprococcus	Coprococcus eutactus	1
Dorea_formicigenerans_ATCC_27755	411461	Dorea formicigenerans	Dorea formicigenerans ATCC 27755	Bacteria	Firmicutes	Clostridia	Clostridiales	Lachnospiraceae	Dorea	Dorea formicigenerans	1
Dorea_longicatena_DSM_13814	411462	Dorea longicatena	Dorea longicatena DSM 13814	Bacteria	Firmicutes	Clostridia	Clostridiales	Lachnospiraceae	Dorea	Dorea longicatena	1
Enterococcus_faecalis_TX0104	NA	NA	NA	NA	NA	NA	NA	NA	NA	NA	NA
Eubacterium_biforme_DSM_3989	518637	Eubacterium biforme	Eubacterium biforme DSM 3989	Bacteria	Firmicutes	Erysipelotrichia	Erysipelotrichales	Erysipelotrichaceae	Holdemanella	Holdemanella biformis	1
Eubacterium_hallii_DSM_3353	411469	Eubacterium hallii	Eubacterium hallii DSM 3353	Bacteria	Firmicutes	Clostridia	Clostridiales	Eubacteriaceae	Eubacterium	Eubacterium hallii	1
Eubacterium_rectale_M104_1	657318	Eubacterium rectale	Eubacterium rectale DSM 17629	Bacteria	Firmicutes	Clostridia	Clostridiales	Eubacteriaceae	Eubacterium	Eubacterium rectale	1
Eubacterium_siraeum_70_3	657319	Eubacterium siraeum	Eubacterium siraeum 70/3	Bacteria	Firmicutes	Clostridia	Clostridiales	Ruminococcaceae	Ruminiclostridium	Eubacterium siraeum	1
Eubacterium_ventriosum_ATCC_27560	411463	Eubacterium ventriosum	Eubacterium ventriosum ATCC 27560	Bacteria	Firmicutes	Clostridia	Clostridiales	Eubacteriaceae	Eubacterium	Eubacterium ventriosum	1
Faecalibacterium_prausnitzii_SL3_3	657322	Faecalibacterium prausnitzii SL33	Faecalibacterium prausnitzii SL3/3	Bacteria	Firmicutes	Clostridia	Clostridiales	Ruminococcaceae	Faecalibacterium	Faecalibacterium prausnitzii	1
Gordonibacter_pamelaeae_7_10_1_bT_DSM_19378	NA	NA	NA	NA	NA	NA	NA	NA	NA	NA	NA
Holdemania_filiformis_VPI_J1_31B_1_DSM_12042	545696	Holdemania filiformis	Holdemania filiformis DSM 12042	Bacteria	Firmicutes	Erysipelotrichia	Erysipelotrichales	Erysipelotrichaceae	Holdemania	Holdemania filiformis	1
Parabacteroides_distasonis_ATCC_8503	435591	Parabacteroides distasonis	Parabacteroides distasonis ATCC 8503	Bacteria	Bacteroidetes	Bacteroidia	Bacteroidales	Porphyromonadaceae	Parabacteroides	Parabacteroides distasonis	1
Parabacteroides_johnsonii_DSM_18315	NA	NA	NA	NA	NA	NA	NA	NA	NA	NA	NA
Parabacteroides_merdae_ATCC_43184	411477	Parabacteroides merdae	Parabacteroides merdae ATCC 43184	Bacteria	Bacteroidetes	Bacteroidia	Bacteroidales	Porphyromonadaceae	Parabacteroides	Parabacteroides merdae	1
Prevotella_copri_CB7_DSM_18205	537011	Prevotella copri	Prevotella copri DSM 18205	Bacteria	Bacteroidetes	Bacteroidia	Bacteroidales	Prevotellaceae	Prevotella	Prevotella copri	1
Pseudoflavonifractor_capillosus_ATCC_29799	411467	Pseudoflavonifractor capillosus	Pseudoflavonifractor capillosus ATCC 29799	Bacteria	Firmicutes	Clostridia	Clostridiales	1	Pseudoflavonifractor	Pseudoflavonifractor capillosus	1
Roseburia_intestinalis_M50_1	718255	Roseburia intestinalis	Roseburia intestinalis XB6B4	Bacteria	Firmicutes	Clostridia	Clostridiales	Lachnospiraceae	Roseburia	Roseburia intestinalis	1
Ruminococcus_bromii_L2_63	657321	Ruminococcus bromii	Ruminococcus bromii L2-63	Bacteria	Firmicutes	Clostridia	Clostridiales	Ruminococcaceae	Ruminococcus	Ruminococcus bromii	1
Ruminococcus_gnavus_ATCC_29149	411470	Ruminococcus gnavus	Ruminococcus gnavus ATCC 29149	Bacteria	Firmicutes	Clostridia	Clostridiales	Lachnospiraceae	Blautia	Ruminococcus gnavus	1
Ruminococcus_lactaris_ATCC_29176	471875	Ruminococcus lactaris	Ruminococcus lactaris ATCC 29176	Bacteria	Firmicutes	Clostridia	Clostridiales	Ruminococcaceae	Ruminococcus	Ruminococcus lactaris	1
Ruminococcus_obeum_A2_162	657314	Ruminococcus obeum A2162	Ruminococcus obeum A2-162	Bacteria	Firmicutes	Clostridia	Clostridiales	Lachnospiraceae	Blautia	Blautia obeum	1
Ruminococcus_sp_SR1_5	657323	Ruminococcus sp. SR15	Ruminococcus sp. SR1/5	Bacteria	Firmicutes	Clostridia	Clostridiales	Ruminococcaceae	Ruminococcus	1	1
Ruminococcus_torques_L2_14	657313	Ruminococcus torques L214	Ruminococcus torques L2-14	Bacteria	Firmicutes	Clostridia	Clostridiales	Lachnospiraceae	Blautia	Ruminococcus torques	1
Streptococcus_thermophilus_LMD_9	264199	Streptococcus thermophilus	Streptococcus thermophilus LMG 18311	Bacteria	Firmicutes	Bacilli	Lactobacillales	Streptococcaceae	Streptococcus	Streptococcus thermophilus	1
Subdoligranulum_variabile_DSM_15176	411471	Subdoligranulum variabile	Subdoligranulum variabile DSM 15176	Bacteria	Firmicutes	Clostridia	Clostridiales	Ruminococcaceae	Subdoligranulum	Subdoligranulum variabile	1
Clostridium_symbiosum_WAL_14163	742740	Clostridium symbiosum	Clostridium symbiosum WAL-14163	Bacteria	Firmicutes	Clostridia	Clostridiales	Lachnospiraceae	Lachnoclostridium	Clostridium symbiosum	1
Actinobacillus_pleuropneumoniae_sv_7_AP76	228399	Actinobacillus pleuropneumoniae 1	Actinobacillus pleuropneumoniae serovar 1 str. 4074	Bacteria	Proteobacteria	Gammaproteobacteria	Pasteurellales	Pasteurellaceae	Actinobacillus	Actinobacillus pleuropneumoniae	1
Actinomyces_odontolyticus_ATCC_17982	411466	Actinomyces odontolyticus	Actinomyces odontolyticus ATCC 17982	Bacteria	Actinobacteria	Actinobacteria	Actinomycetales	Actinomycetaceae	Actinomyces	Actinomyces odontolyticus	1
Anaerococcus_hydrogenalis_DSM_7454	561177	Anaerococcus hydrogenalis	Anaerococcus hydrogenalis DSM 7454	Bacteria	Firmicutes	Clostridia	Clostridiales	Peptoniphilaceae	Anaerococcus	Anaerococcus hydrogenalis	1
Anaerofustis_stercorihominis_DSM_17244	445971	Anaerofustis stercorihominis	Anaerofustis stercorihominis DSM 17244	Bacteria	Firmicutes	Clostridia	Clostridiales	Eubacteriaceae	Anaerofustis	Anaerofustis stercorihominis	1
Anaerostipes_caccae_DSM_14662	411490	Anaerostipes caccae	Anaerostipes caccae DSM 14662	Bacteria	Firmicutes	Clostridia	Clostridiales	Lachnospiraceae	Anaerostipes	Anaerostipes caccae	1
Bifidobacterium_angulatum_DSM_20098	518635	Bifidobacterium angulatum	Bifidobacterium angulatum DSM 20098 = JCM 7096	Bacteria	Actinobacteria	Actinobacteria	Bifidobacteriales	Bifidobacteriaceae	Bifidobacterium	Bifidobacterium angulatum	1
Bifidobacterium_animalis_lactis_AD011	552531	Bifidobacterium animalis	Bifidobacterium animalis subsp. lactis BB-12	Bacteria	Actinobacteria	Actinobacteria	Bifidobacteriales	Bifidobacteriaceae	Bifidobacterium	Bifidobacterium animalis	Bifidobacterium animalis subsp. lactis
Bifidobacterium_bifidum_NCIMB_41171	398513	Bifidobacterium bifidum	Bifidobacterium bifidum NCIMB 41171	Bacteria	Actinobacteria	Actinobacteria	Bifidobacteriales	Bifidobacteriaceae	Bifidobacterium	Bifidobacterium bifidum	1
Bifidobacterium_breve_DSM_20213	326426	Bifidobacterium breve	Bifidobacterium breve UCC2003	Bacteria	Actinobacteria	Actinobacteria	Bifidobacteriales	Bifidobacteriaceae	Bifidobacterium	Bifidobacterium breve	1
Bifidobacterium_dentium_ATCC_27678	401473	Bifidobacterium dentium	Bifidobacterium dentium Bd1	Bacteria	Actinobacteria	Actinobacteria	Bifidobacteriales	Bifidobacteriaceae	Bifidobacterium	Bifidobacterium dentium	1
Bifidobacterium_gallicum_DSM_20093	561180	Bifidobacterium gallicum	Bifidobacterium gallicum DSM 20093	Bacteria	Actinobacteria	Actinobacteria	Bifidobacteriales	Bifidobacteriaceae	Bifidobacterium	Bifidobacterium gallicum	1
Blautia_hydrogenotrophica_DSM_10507	476272	Blautia hydrogenotrophica	Blautia hydrogenotrophica DSM 10507	Bacteria	Firmicutes	Clostridia	Clostridiales	Lachnospiraceae	Blautia	Blautia hydrogenotrophica	1
Butyrivibrio_fibrisolvens_16_4	657324	Butyrivibrio fibrisolvens	Butyrivibrio fibrisolvens 16/4	Bacteria	Firmicutes	Clostridia	Clostridiales	Lachnospiraceae	Butyrivibrio	Butyrivibrio fibrisolvens	1
Campylobacter_concisus_13826	360104	Campylobacter concisus	Campylobacter concisus 13826	Bacteria	Proteobacteria	Epsilonproteobacteria	Campylobacterales	Campylobacteraceae	Campylobacter	Campylobacter concisus	1
Campylobacter_hominis_ATCC_BAA_381	360107	Campylobacter hominis	Campylobacter hominis ATCC BAA-381	Bacteria	Proteobacteria	Epsilonproteobacteria	Campylobacterales	Campylobacteraceae	Campylobacter	Campylobacter hominis	1
Candidatus_Sulcia_muelleri_GWSS	641892	Sulcia muelleri DMIN	Candidatus Sulcia muelleri DMIN	Bacteria	Bacteroidetes	Flavobacteriia	Flavobacteriales	1	Candidatus Sulcia	Candidatus Sulcia muelleri	1
Citrobacter_koseri_ATCC_BAA_895	290338	Citrobacter koseri	Citrobacter koseri ATCC BAA-895	Bacteria	Proteobacteria	Gammaproteobacteria	Enterobacteriales	Enterobacteriaceae	Citrobacter	Citrobacter koseri	1
Citrobacter_sp_30_2	469595	Citrobacter sp. 302	Citrobacter sp. 30_2	Bacteria	Proteobacteria	Gammaproteobacteria	Enterobacteriales	Enterobacteriaceae	Citrobacter	1	1
Clostridium_difficile_630	272563	Clostridium difficile	Clostridium difficile 630	Bacteria	Firmicutes	Clostridia	Clostridiales	Peptostreptococcaceae	Peptoclostridium	Peptoclostridium difficile	1
Clostridium_hylemonae_DSM_15053	553973	Clostridium hylemonae	Clostridium hylemonae DSM 15053	Bacteria	Firmicutes	Clostridia	Clostridiales	Lachnospiraceae	Lachnoclostridium	Clostridium hylemonae	1
Clostridium_perfringens_ATCC_13124	195103	Clostridium perfringens ATCC13124	Clostridium perfringens ATCC 13124	Bacteria	Firmicutes	Clostridia	Clostridiales	Clostridiaceae	Clostridium	Clostridium perfringens	1
Clostridium_phytofermentans_ISDg	357809	Clostridium phytofermentans	Clostridium phytofermentans ISDg	Bacteria	Firmicutes	Clostridia	Clostridiales	Lachnospiraceae	Lachnoclostridium	Lachnoclostridium phytofermentans	1
Clostridium_ramosum_VPI_0427_DSM_1402	445974	Clostridium ramosum	Clostridium ramosum DSM 1402	Bacteria	Firmicutes	Erysipelotrichia	Erysipelotrichales	Erysipelotrichaceae	Erysipelatoclostridium	Erysipelatoclostridium ramosum	1
Clostridium_sp_7_2_43FAA	457396	Clostridium sp. 7243FAA	Clostridium sp. 7_2_43FAA	Bacteria	Firmicutes	Clostridia	Clostridiales	Clostridiaceae	Clostridium	1	1
Clostridium_spiroforme_DSM_1552	428126	Clostridium spiroforme	Clostridium spiroforme DSM 1552	Bacteria	Firmicutes	Erysipelotrichia	Erysipelotrichales	Erysipelotrichaceae	Erysipelatoclostridium	Clostridium spiroforme	1
Collinsella_intestinalis_DSM_13280	521003	Collinsella intestinalis	Collinsella intestinalis DSM 13280	Bacteria	Actinobacteria	Coriobacteriia	Coriobacteriales	Coriobacteriaceae	Collinsella	Collinsella intestinalis	1
Collinsella_stercoris_DSM_13279	445975	Collinsella stercoris	Collinsella stercoris DSM 13279	Bacteria	Actinobacteria	Coriobacteriia	Coriobacteriales	Coriobacteriaceae	Collinsella	Collinsella stercoris	1
Cronobacter_sakazakii_ATCC_BAA_894	290339	Cronobacter sakazakii	Cronobacter sakazakii ATCC BAA-894	Bacteria	Proteobacteria	Gammaproteobacteria	Enterobacteriales	Enterobacteriaceae	Cronobacter	Cronobacter sakazakii	1
Desulfovibrio_piger_ATCC_29098	411464	Desulfovibrio piger	Desulfovibrio piger ATCC 29098	Bacteria	Proteobacteria	Deltaproteobacteria	Desulfovibrionales	Desulfovibrionaceae	Desulfovibrio	Desulfovibrio piger	1
Desulfovibrio_vulgaris_Miyazaki_F	883	Desulfovibrio vulgaris Miyazaki	Desulfovibrio vulgaris str. 'Miyazaki F'	Bacteria	Proteobacteria	Deltaproteobacteria	Desulfovibrionales	Desulfovibrionaceae	Desulfovibrio	Desulfovibrio vulgaris	1
Enterobacter_cancerogenus_ATCC_35316	500639	Enterobacter cancerogenus	Enterobacter cancerogenus ATCC 35316	Bacteria	Proteobacteria	Gammaproteobacteria	Enterobacteriales	Enterobacteriaceae	Enterobacter	Enterobacter cancerogenus	1
Enterobacter_sp_638	399742	Enterobacter sp. 638	Enterobacter sp. 638	Bacteria	Proteobacteria	Gammaproteobacteria	Enterobacteriales	Enterobacteriaceae	Enterobacter	1	1
Enterococcus_faecalis_TX1322	226185	Enterococcus faecalis	Enterococcus faecalis V583	Bacteria	Firmicutes	Bacilli	Lactobacillales	Enterococcaceae	Enterococcus	Enterococcus faecalis	1
Enterococcus_sp_7L76	NA	NA	NA	NA	NA	NA	NA	NA	NA	NA	NA
Escherichia_fergusonii_UMN026_ATCC_35469	NA	NA	NA	NA	NA	NA	NA	NA	NA	NA	NA
Eubacterium_dolichum_DSM_3991	428127	Eubacterium dolichum	Eubacterium dolichum DSM 3991	Bacteria	Firmicutes	Erysipelotrichia	Erysipelotrichales	Erysipelotrichaceae	1	Eubacterium dolichum	1
Finegoldia_magna_ATCC_29328	334413	Finegoldia magna ATCC29328	Finegoldia magna ATCC 29328	Bacteria	Firmicutes	Clostridia	Clostridiales	Peptoniphilaceae	Finegoldia	Finegoldia magna	1
Fusobacterium_nucleatum_nucleatum_ATCC_25586	190304	Fusobacterium nucleatum nucleatum	Fusobacterium nucleatum subsp. nucleatum ATCC 25586	Bacteria	Fusobacteria	Fusobacteriia	Fusobacteriales	Fusobacteriaceae	Fusobacterium	Fusobacterium nucleatum	Fusobacterium nucleatum subsp. nucleatum
Haemophilus_influenzae_NTHi_86_028NP	71421	Haemophilus influenzae	Haemophilus influenzae Rd KW20	Bacteria	Proteobacteria	Gammaproteobacteria	Pasteurellales	Pasteurellaceae	Haemophilus	Haemophilus influenzae	1
Haemophilus_parasuis_SH0165	557723	Haemophilus parasuis	Haemophilus parasuis SH0165	Bacteria	Proteobacteria	Gammaproteobacteria	Pasteurellales	Pasteurellaceae	Haemophilus	Haemophilus parasuis	1
Helicobacter_pullorum_MIT_98_5489	537972	Helicobacter pullorum	Helicobacter pullorum MIT 98-5489	Bacteria	Proteobacteria	Epsilonproteobacteria	Campylobacterales	Helicobacteraceae	Helicobacter	Helicobacter pullorum	1
Klebsiella_pneumoniae_342	272620	Klebsiella pneumoniae	Klebsiella pneumoniae subsp. pneumoniae MGH 78578	Bacteria	Proteobacteria	Gammaproteobacteria	Enterobacteriales	Enterobacteriaceae	Klebsiella	Klebsiella pneumoniae	Klebsiella pneumoniae subsp. pneumoniae
Lactobacillus_acidophilus_NCFM	272621	Lactobacillus acidophilus NCFM	Lactobacillus acidophilus NCFM	Bacteria	Firmicutes	Bacilli	Lactobacillales	Lactobacillaceae	Lactobacillus	Lactobacillus acidophilus	1
Lactobacillus_casei_casei_BL23	543734	Lactobacillus casei	Lactobacillus casei BL23	Bacteria	Firmicutes	Bacilli	Lactobacillales	Lactobacillaceae	Lactobacillus	Lactobacillus casei	1
Lactobacillus_delbrueckii_bulgaricus_ATCC_11842	390333	Lactobacillus delbrueckii	Lactobacillus delbrueckii subsp. bulgaricus ATCC 11842	Bacteria	Firmicutes	Bacilli	Lactobacillales	Lactobacillaceae	Lactobacillus	Lactobacillus delbrueckii	Lactobacillus delbrueckii subsp. bulgaricus
Lactobacillus_fermentum_IFO_3956	712938	Lactobacillus fermentum	Lactobacillus fermentum CECT 5716	Bacteria	Firmicutes	Bacilli	Lactobacillales	Lactobacillaceae	Lactobacillus	Lactobacillus fermentum	1
Lactobacillus_gasseri_ATCC_33323	324831	Lactobacillus gasseri	Lactobacillus gasseri ATCC 33323	Bacteria	Firmicutes	Bacilli	Lactobacillales	Lactobacillaceae	Lactobacillus	Lactobacillus gasseri	1
Lactobacillus_helveticus_DPC_4571	405566	Lactobacillus helveticus	Lactobacillus helveticus DPC 4571	Bacteria	Firmicutes	Bacilli	Lactobacillales	Lactobacillaceae	Lactobacillus	Lactobacillus helveticus	1
Lactobacillus_hilgardii_ATCC_8290	NA	NA	NA	NA	NA	NA	NA	NA	NA	NA	NA
Lactobacillus_johnsonii_NCC_533	257314	Lactobacillus johnsonii	Lactobacillus johnsonii NCC 533	Bacteria	Firmicutes	Bacilli	Lactobacillales	Lactobacillaceae	Lactobacillus	Lactobacillus johnsonii	1
Lactobacillus_paracasei_ATCC_25302	NA	NA	NA	NA	NA	NA	NA	NA	NA	NA	NA
Lactobacillus_reuteri_SD2112_ATCC_55730	349123	Lactobacillus reuteri	Lactobacillus reuteri 100-23	Bacteria	Firmicutes	Bacilli	Lactobacillales	Lactobacillaceae	Lactobacillus	Lactobacillus reuteri	1
Lactobacillus_sakei_sakei_23K	314315	Lactobacillus sakei	Lactobacillus sakei subsp. sakei 23K	Bacteria	Firmicutes	Bacilli	Lactobacillales	Lactobacillaceae	Lactobacillus	Lactobacillus sakei	Lactobacillus sakei subsp. sakei
Lactobacillus_salivarius_HO66_ATCC_11741	362948	Lactobacillus salivarius	Lactobacillus salivarius UCC118	Bacteria	Firmicutes	Bacilli	Lactobacillales	Lactobacillaceae	Lactobacillus	Lactobacillus salivarius	1
Lactobacillus_ultunensis_DSM_16047	525365	Lactobacillus ultunensis	Lactobacillus ultunensis DSM 16047	Bacteria	Firmicutes	Bacilli	Lactobacillales	Lactobacillaceae	Lactobacillus	Lactobacillus ultunensis	1
Lactococcus_lactis_cremoris_MG1363	416870	Lactococcus lactis cremoris	Lactococcus lactis subsp. cremoris MG1363	Bacteria	Firmicutes	Bacilli	Lactobacillales	Streptococcaceae	Lactococcus	Lactococcus lactis	Lactococcus lactis subsp. cremoris
Megamonas_hypermegale_ART12_1	NA	NA	NA	NA	NA	NA	NA	NA	NA	NA	NA
Methanobrevibacter_smithii_DSM_2375	420247	Methanobrevibacter smithii	Methanobrevibacter smithii ATCC 35061	Archaea	Euryarchaeota	Methanobacteria	Methanobacteriales	Methanobacteriaceae	Methanobrevibacter	Methanobrevibacter smithii	1
Methanosphaera_stadtmanae_DSM_3091	339860	Methanosphaera stadtmanae	Methanosphaera stadtmanae DSM 3091	Archaea	Euryarchaeota	Methanobacteria	Methanobacteriales	Methanobacteriaceae	Methanosphaera	Methanosphaera stadtmanae	1
Mitsuokella_multacida_DSM_20544	500635	Mitsuokella multacida	Mitsuokella multacida DSM 20544	Bacteria	Firmicutes	Negativicutes	Selenomonadales	Veillonellaceae	Mitsuokella	Mitsuokella multacida	1
Pasteurella_multocida_multocida_Pm70	272843	Pasteurella multocida	Pasteurella multocida subsp. multocida str. Pm70	Bacteria	Proteobacteria	Gammaproteobacteria	Pasteurellales	Pasteurellaceae	Pasteurella	Pasteurella multocida	Pasteurella multocida subsp. multocida
Pediococcus_pentosaceus_ATCC_25745	278197	Pediococcus pentosaceus	Pediococcus pentosaceus ATCC 25745	Bacteria	Firmicutes	Bacilli	Lactobacillales	Lactobacillaceae	Pediococcus	Pediococcus pentosaceus	1
Porphyromonas_gingivalis_ATCC_33277	431947	Porphyromonas gingivalis ATCC33277	Porphyromonas gingivalis ATCC 33277	Bacteria	Bacteroidetes	Bacteroidia	Bacteroidales	Porphyromonadaceae	Porphyromonas	Porphyromonas gingivalis	1
Proteus_mirabilis_HI4320	529507	Proteus mirabilis	Proteus mirabilis HI4320	Bacteria	Proteobacteria	Gammaproteobacteria	Enterobacteriales	Enterobacteriaceae	Proteus	Proteus mirabilis	1
Proteus_penneri_ATCC_35198	471881	Proteus penneri	Proteus penneri ATCC 35198	Bacteria	Proteobacteria	Gammaproteobacteria	Enterobacteriales	Enterobacteriaceae	Proteus	Proteus penneri	1
Pseudomonas_aeruginosa_LESB58	208964	Pseudomonas aeruginosa	Pseudomonas aeruginosa PAO1	Bacteria	Proteobacteria	Gammaproteobacteria	Pseudomonadales	Pseudomonadaceae	Pseudomonas	Pseudomonas aeruginosa	1
Salmonella_enterica_sv_Heidelberg_SL476_CVM30485	99287	Salmonella enterica LT2	Salmonella enterica subsp. enterica serovar Typhimurium str. LT2	Bacteria	Proteobacteria	Gammaproteobacteria	Enterobacteriales	Enterobacteriaceae	Salmonella	Salmonella enterica	Salmonella enterica subsp. enterica
Staphylococcus_saprophyticus_saprophyticus_ATCC_15305	342451	Staphylococcus saprophyticus	Staphylococcus saprophyticus subsp. saprophyticus ATCC 15305	Bacteria	Firmicutes	Bacilli	Bacillales	Staphylococcaceae	Staphylococcus	Staphylococcus saprophyticus	Staphylococcus saprophyticus subsp. saprophyticus
Streptococcus_gordonii_Challis_CH1	467705	Streptococcus gordonii	Streptococcus gordonii str. Challis substr. CH1	Bacteria	Firmicutes	Bacilli	Lactobacillales	Streptococcaceae	Streptococcus	Streptococcus gordonii	1
Streptococcus_infantarius_infantarius_ATCC_BAA_102	1069533	Streptococcus infantarius	Streptococcus infantarius subsp. infantarius CJ18	Bacteria	Firmicutes	Bacilli	Lactobacillales	Streptococcaceae	Streptococcus	Streptococcus infantarius	Streptococcus infantarius subsp. infantarius
Streptococcus_mutans_UA159	210007	Streptococcus mutans	Streptococcus mutans UA159	Bacteria	Firmicutes	Bacilli	Lactobacillales	Streptococcaceae	Streptococcus	Streptococcus mutans	1
Streptococcus_pneumoniae_Hungary19A_6	170187	Streptococcus pneumoniae TIGR4	Streptococcus pneumoniae TIGR4	Bacteria	Firmicutes	Bacilli	Lactobacillales	Streptococcaceae	Streptococcus	Streptococcus pneumoniae	1
Streptococcus_pyogenes_M4_MGAS10750	160490	Streptococcus pyogenes	Streptococcus pyogenes M1 GAS	Bacteria	Firmicutes	Bacilli	Lactobacillales	Streptococcaceae	Streptococcus	Streptococcus pyogenes	1
Streptococcus_sanguinis_SK36	388919	Streptococcus sanguinis SK36	Streptococcus sanguinis SK36	Bacteria	Firmicutes	Bacilli	Lactobacillales	Streptococcaceae	Streptococcus	Streptococcus sanguinis	1
Streptococcus_suis_05ZYH33	391295	Streptococcus suis	Streptococcus suis 05ZYH33	Bacteria	Firmicutes	Bacilli	Lactobacillales	Streptococcaceae	Streptococcus	Streptococcus suis	1
Thermoanaerobacter_sp_X514	NA	NA	NA	NA	NA	NA	NA	NA	NA	NA	NA
Tropheryma_whipplei_Twist	203267	Tropheryma whipplei	Tropheryma whipplei str. Twist	Bacteria	Actinobacteria	Actinobacteria	Micrococcales	1	Tropheryma	Tropheryma whipplei	1